-- phpMyAdmin SQL Dump
-- version 4.9.1
-- https://www.phpmyadmin.net/
--
-- Host: 127.0.0.1
-- Generation Time: Dec 25, 2019 at 08:12 AM
-- Server version: 10.4.8-MariaDB
-- PHP Version: 7.2.24

SET SQL_MODE = "NO_AUTO_VALUE_ON_ZERO";
SET AUTOCOMMIT = 0;
START TRANSACTION;
SET time_zone = "+00:00";


/*!40101 SET @OLD_CHARACTER_SET_CLIENT=@@CHARACTER_SET_CLIENT */;
/*!40101 SET @OLD_CHARACTER_SET_RESULTS=@@CHARACTER_SET_RESULTS */;
/*!40101 SET @OLD_COLLATION_CONNECTION=@@COLLATION_CONNECTION */;
/*!40101 SET NAMES utf8mb4 */;

--
-- Database: `talentexploit`
--

-- --------------------------------------------------------

--
-- Table structure for table `citizenships`
--

CREATE TABLE `citizenships` (
  `citizen_id` int(11) NOT NULL,
  `citizenship` varchar(255) DEFAULT NULL
) ENGINE=InnoDB DEFAULT CHARSET=utf8;

--
-- Dumping data for table `citizenships`
--

INSERT INTO `citizenships` (`citizen_id`, `citizenship`) VALUES
(1, 'Hungarian'),
(2, 'British'),
(3, 'Romanian'),
(4, 'French');

-- --------------------------------------------------------

--
-- Table structure for table `core_skills`
--

CREATE TABLE `core_skills` (
  `core_skill_id` int(11) NOT NULL,
  `core_skill` varchar(22) DEFAULT NULL
) ENGINE=InnoDB DEFAULT CHARSET=utf8;

--
-- Dumping data for table `core_skills`
--

INSERT INTO `core_skills` (`core_skill_id`, `core_skill`) VALUES
(1, 'Communication'),
(2, 'Technical Skills'),
(3, 'Behaviour'),
(4, 'Habitude'),
(5, 'Team working skills'),
(6, 'Client Service'),
(7, 'Creative Skills'),
(8, 'Organizational Skills'),
(9, 'Physical Abilities'),
(10, 'Managing Skills'),
(11, 'Stress Management'),
(12, 'Problem solving skills');

-- --------------------------------------------------------

--
-- Table structure for table `desired_job_specs`
--

CREATE TABLE `desired_job_specs` (
  `des_id` int(11) NOT NULL,
  `person_id` int(11) DEFAULT NULL,
  `des_link_id` int(11) DEFAULT NULL,
  `des_link_type` varchar(50) DEFAULT NULL,
  `language_level` int(11) DEFAULT NULL
) ENGINE=InnoDB DEFAULT CHARSET=utf8;

--
-- Dumping data for table `desired_job_specs`
--

INSERT INTO `desired_job_specs` (`des_id`, `person_id`, `des_link_id`, `des_link_type`, `language_level`) VALUES
(1, 5, 1, 'sector', 0),
(2, 5, 4, 'language', 6),
(4, 6, 2, 'sector', 0),
(5, 6, 5, 'sector', 0),
(6, 6, 6, 'sector', 0),
(7, 6, 4, 'sector', 0),
(8, 6, 1, 'language', 3),
(9, 3, 2, 'drive', NULL),
(10, 3, 5, 'drive', NULL),
(11, 4, 1, 'construction', 0),
(12, 4, 2, 'construction', 0),
(13, 4, 3, 'construction', 0),
(14, 4, 11, 'sector', 0);

-- --------------------------------------------------------

--
-- Table structure for table `drivers`
--

CREATE TABLE `drivers` (
  `driving_id` int(1) NOT NULL,
  `drivers_license_type` varchar(4) DEFAULT NULL,
  `code` varchar(2) DEFAULT NULL
) ENGINE=InnoDB DEFAULT CHARSET=utf8;

--
-- Dumping data for table `drivers`
--

INSERT INTO `drivers` (`driving_id`, `drivers_license_type`, `code`) VALUES
(1, 'none', ''),
(2, 'B', ''),
(3, 'C', ''),
(4, 'D', ''),
(5, 'D 95', '95');

-- --------------------------------------------------------

--
-- Table structure for table `languages`
--

CREATE TABLE `languages` (
  `language_id` int(11) NOT NULL,
  `language` varchar(255) DEFAULT NULL
) ENGINE=InnoDB DEFAULT CHARSET=utf8;

--
-- Dumping data for table `languages`
--

INSERT INTO `languages` (`language_id`, `language`) VALUES
(1, 'English'),
(2, 'Hungarian'),
(3, 'French'),
(4, 'German'),
(5, 'Urdu'),
(6, 'Hindi'),
(7, 'Pakistani'),
(8, 'Polish'),
(9, 'Romanian'),
(10, 'Italian');

-- --------------------------------------------------------

--
-- Table structure for table `language_levels`
--

CREATE TABLE `language_levels` (
  `langlevel_id` int(11) NOT NULL,
  `language_level` varchar(15) DEFAULT NULL
) ENGINE=InnoDB DEFAULT CHARSET=utf8;

--
-- Dumping data for table `language_levels`
--

INSERT INTO `language_levels` (`langlevel_id`, `language_level`) VALUES
(1, 'A1'),
(2, 'A2'),
(3, 'B1'),
(4, 'B2'),
(5, 'C1'),
(6, 'C2');

-- --------------------------------------------------------

--
-- Table structure for table `persons`
--

CREATE TABLE `persons` (
  `person_id` int(11) NOT NULL,
  `username` varchar(255) DEFAULT NULL,
  `email` varchar(255) DEFAULT NULL,
  `password` varchar(255) DEFAULT NULL,
  `first_name` varchar(255) DEFAULT NULL,
  `middle_name` varchar(255) DEFAULT NULL,
  `last_name` varchar(255) DEFAULT NULL,
  `day_of_birth` int(11) DEFAULT NULL,
  `month_of_birth` int(11) DEFAULT NULL,
  `year_of_birth` int(11) DEFAULT NULL,
  `marital_status` varchar(255) DEFAULT NULL,
  `addr_street_1` varchar(255) DEFAULT NULL,
  `addr_street_2` varchar(255) DEFAULT NULL,
  `addr_city` varchar(255) DEFAULT NULL,
  `addr_zip` varchar(255) DEFAULT NULL,
  `addr_country` varchar(255) DEFAULT NULL,
  `mothers_first_name` varchar(255) DEFAULT NULL,
  `mothers_mid_name` varchar(255) DEFAULT NULL,
  `mothers_last_name` varchar(255) DEFAULT NULL,
  `personal_id_no` varchar(255) DEFAULT NULL,
  `overtime` tinyint(1) DEFAULT NULL,
  `nightshift` tinyint(1) DEFAULT NULL,
  `other_shift` tinyint(1) DEFAULT NULL,
  `job` varchar(255) DEFAULT NULL,
  `is_admin` tinyint(1) NOT NULL DEFAULT 0,
  `created_at` timestamp NOT NULL DEFAULT current_timestamp(),
  `updated_at` timestamp NULL DEFAULT NULL
) ENGINE=InnoDB DEFAULT CHARSET=utf8;

--
-- Dumping data for table `persons`
--

INSERT INTO `persons` (`person_id`, `username`, `email`, `password`, `first_name`, `middle_name`, `last_name`, `day_of_birth`, `month_of_birth`, `year_of_birth`, `marital_status`, `addr_street_1`, `addr_street_2`, `addr_city`, `addr_zip`, `addr_country`, `mothers_first_name`, `mothers_mid_name`, `mothers_last_name`, `personal_id_no`, `overtime`, `nightshift`, `other_shift`, `job`, `is_admin`, `created_at`, `updated_at`) VALUES
(3, 'bela1', 'kovimtibi12@gmail.com', '$2y$10$MS8BaUbVkS86FdG/9ly.NOL9mPhKIimLZRylgLmx8uckWJftS2mEa', 'Tibor', 'Mihaly', 'Kovacs', 9, 12, 1972, 'Single', '12 Fegyvernek utca', '', 'Budapest', '1116', '', 'Anna', '', 'Kupicsek', 'HJ554883', 0, 0, 0, 'teherautosofor', 0, '0000-00-00 00:00:00', '0000-00-00 00:00:00'),
(4, 'bela2', 'Rizincs@gmail.com', '$2y$10$MS8BaUbVkS86FdG/9ly.NOL9mPhKIimLZRylgLmx8uckWJftS2mEa', 'Krisztina', 'Rozina', 'Kovacs', 12, 1, 1979, 'Single', '224 Vaci ut', '', 'Budapest', '1145', '', 'Zsuzsanna ', '', 'Toijas', 'KF774521', 0, 0, 0, 'teherautosofor', 1, '0000-00-00 00:00:00', '0000-00-00 00:00:00'),
(5, 'bela3', 'gazsi@gmail.com', '$2y$10$MS8BaUbVkS86FdG/9ly.NOL9mPhKIimLZRylgLmx8uckWJftS2mEa', 'Roland', '', 'Rohanszki', 1, 1, 2000, 'Married ', '21 Kolompar utca ', '', 'Kolompar utca', '1222', '', 'Rozalia', '', 'Kolompar', 'KF129854', 1, 1, 1, 'cnc maros', 0, '0000-00-00 00:00:00', '0000-00-00 00:00:00'),
(6, 'bela4', 'tekristof@freemail.hu', '$2y$10$MS8BaUbVkS86FdG/9ly.NOL9mPhKIimLZRylgLmx8uckWJftS2mEa', 'Kristof', '', 'Teleki', 6, 3, 1995, 'Married ', '13 Kistarcsai ut ', '', 'Szazhalombatta', '2446', '', 'Irma', '', 'Istenes', 'AN543778', 1, 1, 1, 'epitomunkas', 0, '0000-00-00 00:00:00', '0000-00-00 00:00:00'),
(7, 'bela5', 'kisszsu@gmail.com', '$2y$10$MS8BaUbVkS86FdG/9ly.NOL9mPhKIimLZRylgLmx8uckWJftS2mEa', 'Zsuzsanna', '', 'Kiss ', 12, 12, 1996, 'Married ', '21 Erdodor utca', '', 'Budapest', '1212', '', 'Ibolya', '', 'Nagy', 'YT746632', 0, 0, 0, 'mernok', 0, '0000-00-00 00:00:00', '0000-00-00 00:00:00'),
(8, 'bela6', 'Tomica@freemail.hu', '$2y$10$MS8BaUbVkS86FdG/9ly.NOL9mPhKIimLZRylgLmx8uckWJftS2mEa', 'Tamas', 'Istvan', 'Jolan', 1, 11, 1996, 'Single', '312 Bihari ut', '', 'Abda', '9151', '', 'Irma', '', 'Korsos', 'II124668', 1, 1, 1, 'mernok', 0, '0000-00-00 00:00:00', '0000-00-00 00:00:00'),
(9, 'bela7', 'beatadukz@freemail.hu', '$2y$10$MS8BaUbVkS86FdG/9ly.NOL9mPhKIimLZRylgLmx8uckWJftS2mEa', 'Beata', '', 'Dukz', 9, 9, 1976, 'Married ', '112 Kossuth L u', '', 'Budapest', '1212', '', 'Ilona', '', 'Koos', 'AN344710', 0, 0, 0, 'HR manager', 0, '0000-00-00 00:00:00', '0000-00-00 00:00:00'),
(10, 'bela8', 'gyszkri@gmail.com', '$2y$10$MS8BaUbVkS86FdG/9ly.NOL9mPhKIimLZRylgLmx8uckWJftS2mEa', 'Gyula', 'Karoly', 'Krisztof', 19, 9, 1968, 'Single', '1 Kiss J Alt u', '', 'Budapest', '1221', '', 'Gyongyi', '', 'Pecsi', 'EG521354', 1, 1, 1, 'szoftverfejleszto', 0, '0000-00-00 00:00:00', '0000-00-00 00:00:00'),
(11, 'bela9', 'petpet@freemail.hu', '$2y$10$MS8BaUbVkS86FdG/9ly.NOL9mPhKIimLZRylgLmx8uckWJftS2mEa', 'Petra', 'Zsuzsa', 'Peter', 30, 4, 1999, 'Single', '51 Budafoki ut', '', 'Budapest', '1119', '', 'Katalin', '', 'Kiss', 'ES545678', 0, 0, 0, 'viz, gaz, futesszerelo', 0, '0000-00-00 00:00:00', '0000-00-00 00:00:00'),
(12, 'bela10', 'kschinke@yahoo.com', '$2y$10$MS8BaUbVkS86FdG/9ly.NOL9mPhKIimLZRylgLmx8uckWJftS2mEa', 'Klaus', '', 'Schinke', 30, 9, 1980, 'Single', '', '', '', '', '', 'Maria', '', 'Schinke', 'UD54455', 0, 0, 0, 'MI6 project manager', 0, '0000-00-00 00:00:00', '0000-00-00 00:00:00'),
(13, 'bela11', 'HHoop@gmail.com', '$2y$10$MS8BaUbVkS86FdG/9ly.NOL9mPhKIimLZRylgLmx8uckWJftS2mEa', 'Holly', '', 'Hoop', 22, 8, 1996, 'Single', '', '', '', '', '', 'Daniele', '', 'Steele', 'TR543289', 0, 0, 0, 'office coordinator', 0, '0000-00-00 00:00:00', '0000-00-00 00:00:00'),
(14, 'bela12', 'BasiaRita@hotmail.com', '$2y$10$MS8BaUbVkS86FdG/9ly.NOL9mPhKIimLZRylgLmx8uckWJftS2mEa', 'Rita', '', 'Baskeva', 18, 7, 2000, 'Married ', '', '', '', '', '', 'Zeska', '', 'Mikaeleva', 'OS265512', 1, 1, 1, 'housekeeper', 0, '0000-00-00 00:00:00', '0000-00-00 00:00:00'),
(15, 'bela13', 'WinEug@hotmail.com', '$2y$10$MS8BaUbVkS86FdG/9ly.NOL9mPhKIimLZRylgLmx8uckWJftS2mEa', 'Eugene', '', 'Winford', 29, 10, 1969, 'Single', '', '', '', '', '', 'Maria', '', 'Tereskova', 'RE557998', 1, 1, 1, 'traffic controller', 0, '0000-00-00 00:00:00', '0000-00-00 00:00:00'),
(16, 'bela14', 'BinJuli@gmail.com', '$2y$10$MS8BaUbVkS86FdG/9ly.NOL9mPhKIimLZRylgLmx8uckWJftS2mEa', 'Juliette', '', 'Binoche', 6, 3, 1970, 'Married ', '', '', '', '', '', 'Francois', '', 'Terka', 'TR782122', 0, 0, 0, 'Delivery coordinator', 0, '0000-00-00 00:00:00', '0000-00-00 00:00:00'),
(17, 'bela15', 'tanderew11@gmail.com', '$2y$10$MS8BaUbVkS86FdG/9ly.NOL9mPhKIimLZRylgLmx8uckWJftS2mEa', 'Andrew', '', 'Tomas', 5, 5, 1998, 'Single', '', '', '', '', '', 'Karen', '', 'Atkinson', 'WS523154', 0, 0, 0, 'Diary Coordinator', 0, '0000-00-00 00:00:00', '0000-00-00 00:00:00'),
(18, 'bela16', 'idmjozi@yahoo.com', '$2y$10$MS8BaUbVkS86FdG/9ly.NOL9mPhKIimLZRylgLmx8uckWJftS2mEa', 'Jozefa', '', 'Idem', 1, 11, 1967, 'Married ', '', '', '', '', '', 'Irma', '', 'Ilsson', 'DS721546', 0, 0, 0, 'assistant marketing planner', 0, '0000-00-00 00:00:00', '0000-00-00 00:00:00'),
(19, 'bela17', 'hszuszi@hotmail.com', '$2y$10$MS8BaUbVkS86FdG/9ly.NOL9mPhKIimLZRylgLmx8uckWJftS2mEa', 'Zsuzsanna', '', 'Horvath', 9, 8, 1976, 'Single', '', '', '', '', '', 'Ilona', '', 'Kocsis', 'PE842318', 0, 0, 0, 'office coordinator', 0, '0000-00-00 00:00:00', '0000-00-00 00:00:00'),
(20, 'bela18', 'pcarr11@hotmail.com', '$2y$10$MS8BaUbVkS86FdG/9ly.NOL9mPhKIimLZRylgLmx8uckWJftS2mEa', 'Paul', '', 'Carrack', 2, 12, 1994, 'Married ', '', '', '', '', '', 'Mary', '', 'Carrack', 'TH542124', 0, 0, 0, 'painter', 0, '0000-00-00 00:00:00', '0000-00-00 00:00:00'),
(21, 'bela19', 'mccmike@hotmail.com', '$2y$10$MS8BaUbVkS86FdG/9ly.NOL9mPhKIimLZRylgLmx8uckWJftS2mEa', 'Mike', '', 'McCorcik', 13, 10, 1999, 'Single', '', '', '', '', '', 'Sara ', '', 'McCormick', 'QW513545', 0, 0, 0, 'painter', 0, '0000-00-00 00:00:00', '0000-00-00 00:00:00'),
(22, 'greagory', 'greg@gmail.eu', '$2y$11$/WpmPdjMoiS/svp4LbfNVO75AdyXK8D7zvY2ARRk1CVbi7b2fLq6q', NULL, NULL, NULL, NULL, NULL, NULL, NULL, NULL, NULL, NULL, NULL, NULL, NULL, NULL, NULL, NULL, NULL, NULL, NULL, NULL, 0, '2019-11-15 12:03:06', NULL),
(23, 'gregory', 'fjhsdkljh@kdjskj.hu', '$2y$11$bCsg4xJItGkgphqzI9ZFcucmzQVgKuhrQmS5njrBXsMhW4F1cTmCi', NULL, NULL, NULL, NULL, NULL, NULL, NULL, NULL, NULL, NULL, NULL, NULL, NULL, NULL, NULL, NULL, NULL, NULL, NULL, NULL, 0, '2019-11-15 12:08:52', NULL),
(24, 'Jani a hegyrol', NULL, '$2y$11$PMd8scZoKhhX0bzMOIrqze0pIWO4K/I3AGYIROgR91K7JEz0vIahW', NULL, NULL, NULL, NULL, NULL, NULL, NULL, NULL, NULL, NULL, NULL, NULL, NULL, NULL, NULL, NULL, NULL, NULL, NULL, NULL, 0, '2019-11-16 10:41:00', NULL),
(25, 'Hey ho, here we go', NULL, '$2y$11$49ucmInbk4jn3mWtZOCvUuwV.wFU6rYQj0Sug0gbm8zA2pJ9S.4Ai', NULL, NULL, NULL, NULL, NULL, NULL, NULL, NULL, NULL, NULL, NULL, NULL, NULL, NULL, NULL, NULL, NULL, NULL, NULL, NULL, 0, '2019-11-16 10:49:17', NULL),
(26, 'Whomai', NULL, '$2y$11$syqst1AK6dXU7ucUGAkH8eip4.zfY0rtXI1ANHnOzJ6oBB/AnF8X2', NULL, NULL, NULL, NULL, NULL, NULL, NULL, NULL, NULL, NULL, NULL, NULL, NULL, NULL, NULL, NULL, NULL, NULL, NULL, NULL, 0, '2019-11-16 10:51:09', NULL),
(27, 'Whoami', NULL, '$2y$11$2CZ8mprAd0VTTyvfBfGJGO43BhOoupGteByWr1PnB.MudkHMt3Mse', NULL, NULL, NULL, NULL, NULL, NULL, NULL, NULL, NULL, NULL, NULL, NULL, NULL, NULL, NULL, NULL, NULL, NULL, NULL, NULL, 0, '2019-11-16 18:16:29', NULL),
(28, 'Whoami2', NULL, '25f9e794323b453885f5181f1b624d0b', NULL, NULL, NULL, NULL, NULL, NULL, NULL, NULL, NULL, NULL, NULL, NULL, NULL, NULL, NULL, NULL, NULL, NULL, NULL, NULL, 0, '2019-11-16 18:26:01', NULL),
(34, 'bela124', NULL, '$2y$11$p.DATeV28UZDwB5tT2KEsejJ01M6EiQEbYzG462HJnHsTDnAi0KFa', NULL, NULL, NULL, NULL, NULL, NULL, NULL, NULL, NULL, NULL, NULL, NULL, NULL, NULL, NULL, NULL, NULL, NULL, NULL, NULL, 0, '2019-12-01 18:35:03', NULL);

-- --------------------------------------------------------

--
-- Table structure for table `properties`
--

CREATE TABLE `properties` (
  `prop_id` int(3) NOT NULL,
  `person_id` int(11) DEFAULT NULL,
  `prop_link_id` int(11) DEFAULT NULL,
  `prop_link_type` varchar(50) DEFAULT NULL,
  `driving_years` int(11) DEFAULT NULL,
  `langlevel_id` int(11) DEFAULT NULL,
  `sector_years` int(11) DEFAULT NULL
) ENGINE=InnoDB DEFAULT CHARSET=utf8;

--
-- Dumping data for table `properties`
--

INSERT INTO `properties` (`prop_id`, `person_id`, `prop_link_id`, `prop_link_type`, `driving_years`, `langlevel_id`, `sector_years`) VALUES
(1, 21, 1, 'citizen', 0, 0, 0),
(2, 21, 4, 'language', 1, 2, 0),
(3, 21, 5, 'driving', 5, 0, 0),
(4, 21, 2, 'driving', 10, 0, 0),
(11, 22, 1, 'citizen', 0, 0, 0),
(12, 22, 4, 'language', 0, 2, 0),
(13, 22, 1, 'language', 0, 1, 0),
(14, 22, 5, 'driving', 10, 0, 0),
(15, 22, 2, 'driving', 1, 0, 0),
(17, 3, 1, 'citizen', 0, 0, 0),
(19, 3, 11, 'sector', 0, 0, 0),
(20, 3, 10, 'sector', 0, 0, 0),
(21, 3, 4, 'language', 0, 2, 0),
(22, 3, 2, 'language', 0, 6, 0),
(24, 3, 1, 'language', 0, 4, 0),
(25, 3, 2, 'driving', 2, 0, 0),
(26, 3, 5, 'driving', 5, 0, 0),
(29, 3, 1, 'skill', 0, 0, 0),
(30, 3, 2, 'skill', 0, 0, 0),
(31, 3, 21, 'skill', 0, 0, 0),
(32, 3, 23, 'skill', 0, 0, 0),
(33, 3, 24, 'skill', 0, 0, 0),
(34, 3, 132, 'skill', 0, 0, 0),
(35, 3, 138, 'skill', 0, 0, 0),
(36, 3, 157, 'skill', 0, 0, 0),
(37, 3, 158, 'skill', 0, 0, 0),
(38, 4, 1, 'citizen', 0, 0, 0),
(39, 4, 11, 'sector', 0, 0, 0),
(40, 4, 1, 'construction', 0, 0, 0),
(41, 4, 2, 'construction', 0, 0, 0),
(42, 4, 3, 'construction', 0, 0, 0),
(43, 5, 1, 'citizen', 0, 0, 0),
(44, 5, 1, 'sector', 0, 0, 0),
(45, 5, 3, 'sector', 0, 0, 0),
(46, 5, 4, 'language', 0, 6, 0),
(47, 5, 1, 'language', 0, 6, 0),
(48, 5, 64, 'skill', 0, 0, 0),
(49, 5, 65, 'skill', 0, 0, 0),
(50, 5, 66, 'skill', 0, 0, 0),
(51, 5, 67, 'skill', 0, 0, 0),
(52, 5, 68, 'skill', 0, 0, 0),
(53, 5, 69, 'skill', 0, 0, 0),
(54, 5, 70, 'skill', 0, 0, 0),
(55, 5, 71, 'skill', 0, 0, 0),
(56, 5, 72, 'skill', 0, 0, 0),
(57, 5, 73, 'skill', 0, 0, 0),
(58, 5, 74, 'skill', 0, 0, 0),
(59, 5, 75, 'skill', 0, 0, 0),
(60, 6, 1, 'citizen', 0, 0, 0),
(64, 6, 1, 'sector', 0, 0, 0),
(65, 6, 7, 'sector', 0, 0, 0),
(66, 6, 5, 'sector', 0, 0, 0),
(67, 6, 6, 'sector', 0, 0, 0),
(68, 6, 4, 'sector', 0, 0, 0),
(69, 6, 1, 'language', 0, 3, 0),
(73, 7, 1, 'citizen', 0, 0, 0),
(77, 7, 9, 'sector', 0, 0, 0),
(78, 7, 9, 'language', 0, 6, 0),
(79, 7, 1, 'language', 0, 6, 0),
(80, 7, 2, 'driving', 2, 0, 0),
(84, 7, 76, 'skill', 0, 0, 0),
(85, 7, 77, 'skill', 0, 0, 0),
(86, 7, 78, 'skill', 0, 0, 0),
(87, 8, 1, 'citizen', 0, 0, 0),
(90, 8, 8, 'sector', 0, 0, 0),
(91, 8, 1, 'language', 0, 4, 0),
(92, 8, 6, 'skill', 0, 0, 0),
(93, 8, 7, 'skill', 0, 0, 0),
(94, 8, 79, 'skill', 0, 0, 0),
(95, 8, 80, 'skill', 0, 0, 0),
(96, 8, 81, 'skill', 0, 0, 0),
(97, 8, 82, 'skill', 0, 0, 0),
(98, 8, 83, 'skill', 0, 0, 0),
(99, 8, 153, 'skill', 0, 0, 0),
(100, 8, 154, 'skill', 0, 0, 0),
(101, 8, 155, 'skill', 0, 0, 0),
(102, 8, 156, 'skill', 0, 0, 0),
(103, 9, 1, 'citizen', 0, 0, 0),
(105, 9, 11, 'sector', 0, 0, 0),
(106, 9, 12, 'sector', 0, 0, 0),
(107, 9, 4, 'construction', 0, 0, 0),
(108, 9, 5, 'construction', 0, 0, 0),
(109, 9, 6, 'construction', 0, 0, 0),
(110, 9, 2, 'language', 0, 6, 0),
(112, 9, 23, 'skill', 0, 0, 0),
(113, 9, 27, 'skill', 0, 0, 0),
(114, 9, 153, 'skill', 0, 0, 0),
(115, 9, 156, 'skill', 0, 0, 0),
(116, 9, 159, 'skill', 0, 0, 0),
(117, 10, 2, 'citizen', 0, 0, 0),
(119, 10, 13, 'sector', 0, 0, 0),
(120, 10, 1, 'language', 0, 6, 0),
(121, 10, 4, 'language', 0, 6, 0),
(124, 10, 18, 'skill', 0, 0, 0),
(125, 10, 30, 'skill', 0, 0, 0),
(126, 10, 31, 'skill', 0, 0, 0),
(127, 10, 160, 'skill', 0, 0, 0),
(128, 10, 161, 'skill', 0, 0, 0),
(129, 11, 1, 'citizen', 0, 0, 0),
(131, 11, 15, 'sector', 0, 0, 0),
(132, 11, 1, 'language', 0, 6, 0),
(134, 11, 18, 'skill', 0, 0, 0),
(135, 11, 34, 'skill', 0, 0, 0),
(136, 11, 35, 'skill', 0, 0, 0),
(137, 11, 162, 'skill', 0, 0, 0),
(138, 12, 3, 'citizen', 0, 0, 0),
(141, 12, 14, 'sector', 0, 0, 0),
(142, 12, 1, 'language', 0, 2, 0),
(144, 12, 19, 'skill', 0, 0, 0),
(145, 12, 156, 'skill', 0, 0, 0),
(146, 12, 161, 'skill', 0, 0, 0),
(147, 12, 163, 'skill', 0, 0, 0),
(148, 13, 2, 'citizen', 0, 0, 0),
(150, 13, 16, 'sector', 0, 0, 0),
(151, 13, 1, 'language', 0, 6, 0),
(152, 13, 2, 'driving', 5, 0, 0),
(154, 13, 47, 'skill', 0, 0, 0),
(155, 13, 48, 'skill', 0, 0, 0),
(156, 13, 49, 'skill', 0, 0, 0),
(157, 13, 50, 'skill', 0, 0, 0),
(158, 13, 53, 'skill', 0, 0, 0),
(159, 13, 84, 'skill', 0, 0, 0),
(160, 13, 163, 'skill', 0, 0, 0),
(161, 13, 164, 'skill', 0, 0, 0),
(162, 13, 165, 'skill', 0, 0, 0),
(163, 13, 166, 'skill', 0, 0, 0),
(164, 14, 4, 'citizen', 0, 0, 0),
(166, 14, 1, 'language', 0, 4, 0),
(167, 14, 3, 'language', 0, 6, 0),
(169, 14, 31, 'skill', 0, 0, 0),
(170, 14, 167, 'skill', 0, 0, 0),
(171, 15, 2, 'citizen', 0, 0, 0),
(173, 15, 18, 'sector', 0, 0, 0),
(174, 15, 1, 'language', 0, 6, 0),
(176, 15, 91, 'skill', 0, 0, 0),
(177, 15, 92, 'skill', 0, 0, 0),
(178, 15, 101, 'skill', 0, 0, 0),
(179, 15, 103, 'skill', 0, 0, 0),
(180, 15, 104, 'skill', 0, 0, 0),
(181, 15, 107, 'skill', 0, 0, 0),
(182, 15, 108, 'skill', 0, 0, 0),
(183, 15, 109, 'skill', 0, 0, 0),
(184, 15, 156, 'skill', 0, 0, 0),
(185, 15, 168, 'skill', 0, 0, 0),
(186, 15, 169, 'skill', 0, 0, 0),
(187, 16, 2, 'citizen', 0, 0, 0),
(189, 16, 19, 'sector', 0, 0, 0),
(190, 16, 1, 'language', 0, 6, 0),
(192, 16, 117, 'skill', 0, 0, 0),
(193, 16, 118, 'skill', 0, 0, 0),
(194, 16, 119, 'skill', 0, 0, 0),
(195, 16, 121, 'skill', 0, 0, 0),
(196, 16, 153, 'skill', 0, 0, 0),
(197, 16, 156, 'skill', 0, 0, 0),
(198, 16, 158, 'skill', 0, 0, 0),
(199, 16, 166, 'skill', 0, 0, 0),
(200, 16, 168, 'skill', 0, 0, 0),
(201, 16, 169, 'skill', 0, 0, 0),
(202, 16, 172, 'skill', 0, 0, 0),
(203, 17, 2, 'citizen', 0, 0, 0),
(205, 17, 19, 'sector', 0, 0, 0),
(206, 17, 1, 'language', 0, 6, 0),
(208, 17, 37, 'skill', 0, 0, 0),
(209, 17, 76, 'skill', 0, 0, 0),
(210, 17, 104, 'skill', 0, 0, 0),
(211, 17, 121, 'skill', 0, 0, 0),
(212, 17, 158, 'skill', 0, 0, 0),
(213, 17, 159, 'skill', 0, 0, 0),
(214, 17, 168, 'skill', 0, 0, 0),
(215, 17, 169, 'skill', 0, 0, 0),
(216, 17, 170, 'skill', 0, 0, 0),
(217, 17, 172, 'skill', 0, 0, 0),
(218, 18, 2, 'citizen', 0, 0, 0),
(220, 18, 11, 'sector', 0, 0, 0),
(221, 18, 7, 'construction', 0, 0, 0),
(222, 18, 1, 'language', 0, 6, 0),
(223, 18, 2, 'driving', 15, 0, 0),
(225, 18, 124, 'skill', 0, 0, 0),
(226, 18, 126, 'skill', 0, 0, 0),
(227, 18, 159, 'skill', 0, 0, 0),
(228, 18, 170, 'skill', 0, 0, 0),
(229, 18, 171, 'skill', 0, 0, 0),
(230, 18, 173, 'skill', 0, 0, 0),
(231, 19, 2, 'citizen', 0, 0, 0),
(233, 19, 11, 'sector', 0, 0, 0),
(234, 19, 7, 'construction', 0, 0, 0),
(235, 19, 2, 'driving', 24, 0, 0),
(237, 19, 124, 'skill', 0, 0, 0),
(238, 19, 128, 'skill', 0, 0, 0),
(239, 19, 129, 'skill', 0, 0, 0),
(240, 19, 130, 'skill', 0, 0, 0),
(241, 19, 131, 'skill', 0, 0, 0),
(242, 20, 4, 'citizen', 0, 0, 0),
(243, 20, 20, 'sector', 0, 0, 0),
(244, 20, 1, 'language', 0, 6, 0),
(246, 20, 7, 'skill', 0, 0, 0),
(247, 20, 14, 'skill', 0, 0, 0),
(248, 20, 15, 'skill', 0, 0, 0),
(249, 20, 31, 'skill', 0, 0, 0),
(250, 20, 90, 'skill', 0, 0, 0),
(251, 20, 104, 'skill', 0, 0, 0),
(252, 20, 118, 'skill', 0, 0, 0),
(253, 20, 139, 'skill', 0, 0, 0),
(254, 20, 140, 'skill', 0, 0, 0),
(255, 20, 141, 'skill', 0, 0, 0),
(256, 20, 142, 'skill', 0, 0, 0),
(257, 20, 143, 'skill', 0, 0, 0),
(258, 20, 144, 'skill', 0, 0, 0),
(259, 20, 145, 'skill', 0, 0, 0),
(260, 20, 151, 'skill', 0, 0, 0),
(261, 20, 154, 'skill', 0, 0, 0),
(262, 20, 158, 'skill', 0, 0, 0),
(263, 20, 160, 'skill', 0, 0, 0),
(264, 20, 168, 'skill', 0, 0, 0),
(265, 20, 180, 'skill', 0, 0, 0),
(266, 20, 184, 'skill', 0, 0, 0),
(267, 20, 185, 'skill', 0, 0, 0),
(268, 20, 187, 'skill', 0, 0, 0),
(269, 20, 188, 'skill', 0, 0, 0),
(270, 20, 191, 'skill', 0, 0, 0),
(271, 20, 193, 'skill', 0, 0, 0),
(272, 20, 194, 'skill', 0, 0, 0),
(273, 20, 195, 'skill', 0, 0, 0),
(274, 20, 196, 'skill', 0, 0, 0),
(275, 20, 197, 'skill', 0, 0, 0),
(276, 20, 198, 'skill', 0, 0, 0),
(277, 20, 199, 'skill', 0, 0, 0),
(278, 20, 200, 'skill', 0, 0, 0),
(279, 20, 201, 'skill', 0, 0, 0),
(280, 20, 202, 'skill', 0, 0, 0),
(281, 21, 2, 'skill', NULL, NULL, 0);

-- --------------------------------------------------------

--
-- Table structure for table `sectors`
--

CREATE TABLE `sectors` (
  `sector_id` int(11) NOT NULL,
  `sector` varchar(255) DEFAULT NULL
) ENGINE=InnoDB DEFAULT CHARSET=utf8;

--
-- Dumping data for table `sectors`
--

INSERT INTO `sectors` (`sector_id`, `sector`) VALUES
(1, 'Electrical engineer'),
(2, 'Automotive engineering'),
(3, 'Computer Engineering'),
(4, 'Manufacturing, production'),
(5, 'Automation'),
(6, 'Process Engineer'),
(7, 'Mechatronics'),
(8, 'Information Technology'),
(9, 'Human Resources'),
(10, 'Computer numerical Controlled  (CNC) machines'),
(11, 'property maintenance'),
(12, 'Building engineering contractor'),
(13, 'Project Management'),
(14, 'Housekeeping'),
(15, 'Office administration'),
(16, 'Army'),
(17, 'Logistics'),
(18, 'Other administration'),
(19, 'Asset and property protection'),
(20, 'Communications management'),
(21, 'Building contractor');

-- --------------------------------------------------------

--
-- Table structure for table `skills`
--

CREATE TABLE `skills` (
  `skill_id` int(11) NOT NULL,
  `skill` varchar(255) DEFAULT NULL,
  `skill_type` varchar(255) DEFAULT NULL
) ENGINE=InnoDB DEFAULT CHARSET=utf8;

--
-- Dumping data for table `skills`
--

INSERT INTO `skills` (`skill_id`, `skill`, `skill_type`) VALUES
(1, 'operate manual machinery', 'job_type'),
(2, 'operate automatic machinery', 'job_type'),
(4, 'PLC (programmable logic controller)', 'job_type'),
(5, 'production planning', 'job_type'),
(6, 'troubleshoot systems', 'job_type'),
(7, 'multitasking', 'job_type'),
(14, 'one on one communication', 'job_type'),
(15, 'interviewing', 'job_type'),
(18, 'varied tasks', 'job_type'),
(19, 'monotonity', 'job_type'),
(20, 'physical work', 'job_type'),
(21, 'will to move', 'expectation'),
(23, 'blueprint knowledge', 'job_type'),
(24, 'measuring instrument knowledge', 'job_type'),
(27, 'long term work', 'expectation'),
(30, 'PRINCE2', 'job_type'),
(31, 'project management ', 'job_type'),
(34, 'reception (front of house)', 'job_type'),
(35, 'greeting visitors', 'job_type'),
(36, 'suitable home office', 'resources'),
(37, 'excellent computer skills', 'job_type'),
(38, 'understanding data', 'job_type'),
(47, 'Outdoor activities', 'job_type'),
(48, 'office work', 'expectation'),
(49, 'strong maths', 'job_type'),
(50, 'good understanding of IT', 'job_type'),
(53, 'family feeling', 'expectation'),
(57, 'programming', 'job_type'),
(58, 'information security', 'job_type'),
(59, 'data analysis', 'job_type'),
(60, 'Photoshop', 'job_type'),
(61, 'familiar with creating wireframes', 'job_type'),
(62, 'computer graphics tools', 'job_type'),
(63, 'JavaScript', 'job_type'),
(64, 'SPICE process', 'job_type'),
(65, 'CANoe', 'job_type'),
(66, 'CAPL', 'job_type'),
(67, 'CAN', 'job_type'),
(68, 'FlexRay', 'job_type'),
(69, 'Ethernet', 'job_type'),
(70, 'DXL', 'job_type'),
(71, 'Python', 'job_type'),
(72, 'C', 'job_type'),
(73, 'C++', 'job_type'),
(74, 'C#', 'job_type'),
(75, '.NET', 'job_type'),
(76, 'MsOffice', 'job_type'),
(77, 'LinkedIn recruitment', 'job_type'),
(78, 'Facebook recruitment', 'job_type'),
(80, 'JQuery', 'job_type'),
(81, 'TypeScript', 'job_type'),
(82, 'MsSQL', 'job_type'),
(83, 'TFS Branching', 'job_type'),
(84, 'HTML', 'job_type'),
(85, 'CSS', 'job_type'),
(86, 'PHP', 'job_type'),
(87, 'image manipulation', 'job_type'),
(88, 'ticketing tools for customer services', 'job_type'),
(89, 'live chat tools', 'job_type'),
(90, 'Marketing usage of social media tools', 'job_type'),
(91, 'local area knowledge', 'resources'),
(92, 'troubleshooting equipment', 'job_type'),
(93, 'group email tools', 'job_type'),
(94, 'website maintenance', 'job_type'),
(95, 'newsletter tools', 'job_type'),
(96, 'Search Engine Optimization', 'job_type'),
(97, 'Google SEO tools', 'job_type'),
(98, 'understand content management systems', 'job_type'),
(100, 'majority of work is emailing', 'expectation'),
(101, 'majority of work is answering phone', 'expectation'),
(102, 'VB', 'job_type'),
(103, 'working within SLAs ', 'job_type'),
(104, 'resource deployment optimization', 'job_type'),
(107, 'will to test and improve tools used', 'job_type'),
(108, 'planning/scheduling diaries', 'job_type'),
(109, 'Customer facing environment ', 'job_type'),
(111, 'Career progression opportunities', 'expectation'),
(117, 'Planning ', 'job_type'),
(118, 'Marketing campaigns ', 'job_type'),
(119, 'Process timeline management', 'job_type'),
(121, 'Coordinating field workers', 'job_type'),
(122, 'Forward thinking company', 'expectation'),
(123, 'Proactive company', 'expectation'),
(124, 'Painting and decorating', 'job_type'),
(126, 'Clean and tidy (painter)', 'job_type'),
(127, 'Working for a reputable company', 'expectation'),
(128, 'Blue CSCS card (Construction Skills Certification Scheme)', 'certificate'),
(129, 'Have UTR number', 'resources'),
(130, 'Own necessary vehicle', 'resources'),
(131, 'Own necessary tools', 'resources'),
(132, 'self employed ', 'resources'),
(133, 'sub contractor', 'resources'),
(134, 'NVQ certificate', 'certificate'),
(135, 'City and Guilds certificate', 'certificate'),
(136, 'Powerfloating', 'job_type'),
(137, 'CSCP', 'certificate'),
(138, 'Zerspanungsmechaniker ', 'certificate'),
(139, 'Manage staff', 'job_type'),
(140, 'Public relations and communication', 'job_type'),
(141, 'Problem solving within discipline', 'job_type'),
(142, 'Decision making', 'job_type'),
(143, 'Develop case studies', 'job_type'),
(144, 'Organizations brand and profile development', 'job_type'),
(145, 'Print, broadcast and online media development', 'job_type'),
(146, 'Proofreading', 'job_type'),
(147, 'Online media content writing', 'job_type'),
(148, 'Working with multi-disciplinary teams', 'job_type'),
(149, 'Presentation skills', 'job_type'),
(150, 'Use of acessibility tools', 'job_type'),
(151, 'CIPR (Chartered Institute of Public Relations) membership', 'certificate'),
(152, 'Managing volunteers', 'job_type'),
(153, 'extrinsic or externally motivated', 'personality'),
(154, 'team player', 'personality'),
(155, 'help others', 'personality'),
(156, 'structural thinking', 'personality'),
(157, 'proactive', 'personality'),
(158, 'independent', 'personality'),
(159, 'good follower', 'personality'),
(160, 'taking responsibility', 'personality'),
(161, 'avoiding responsibility', 'personality'),
(162, 'technical vein', 'personality'),
(163, 'precision', 'personality'),
(164, 'accuracy', 'personality'),
(165, 'reliability', 'personality'),
(166, 'passion for delivering change', 'personality'),
(167, 'secrecy', 'personality'),
(168, 'self-motivated', 'personality'),
(169, 'self-education', 'personality'),
(170, 'gamer', 'personality'),
(171, 'willing to learn', 'personality'),
(172, 'nothing more to learn', 'personality'),
(173, 'willing to listen to criticism', 'personality'),
(174, 'avoid conflicts', 'personality'),
(175, 'ready for promotion', 'personality'),
(177, 'physically strong', 'personality'),
(178, 'physically active', 'personality'),
(179, 'need to have pride in the job well done', 'personality'),
(180, 'good with people', 'personality'),
(181, 'volunteering', 'personality'),
(182, 'good telephone manners', 'personality'),
(183, 'confidence in reporting and being supervised', 'personality'),
(184, 'reactive planning in case of potential impact on schedule', 'personality'),
(185, 'Prioritize workload', 'personality'),
(186, 'Attention to detail', 'personality'),
(187, 'Cooperating across departments', 'personality'),
(188, 'Friendly personality', 'personality'),
(189, 'Able to present solution suggestions', 'personality'),
(190, 'Customer focused attitude', 'personality'),
(191, 'Take ownership', 'personality'),
(192, 'Trustworthy', 'personality'),
(193, 'Reliable decision making ability', 'personality'),
(194, 'Good interdisciplinary skills', 'personality'),
(195, 'Ability to lead and inspire people', 'personality'),
(196, 'Collaborative approach', 'personality'),
(197, 'Diplomatic approach', 'personality'),
(198, 'Good at meeting deadlines', 'personality'),
(199, 'Stay enthusisatic under pressure', 'personality'),
(200, 'Audience centered, adaptive communication', 'personality'),
(201, 'Willing to travel or overnight stay out of working hours', 'job_type'),
(202, 'Effectively balance risk and opportunity', 'personality'),
(203, 'ASP.NET', 'job_type');

-- --------------------------------------------------------

--
-- Table structure for table `skills_core_skills_link`
--

CREATE TABLE `skills_core_skills_link` (
  `core_skill_link_id` int(11) NOT NULL,
  `skill_id` int(3) DEFAULT NULL,
  `core_skill_id` int(2) DEFAULT NULL,
  `skill_level` int(1) DEFAULT NULL
) ENGINE=InnoDB DEFAULT CHARSET=utf8;

--
-- Dumping data for table `skills_core_skills_link`
--

INSERT INTO `skills_core_skills_link` (`core_skill_link_id`, `skill_id`, `core_skill_id`, `skill_level`) VALUES
(1, 14, 1, 1),
(2, 15, 1, 1),
(3, 140, 1, 1),
(4, 141, 1, 1),
(5, 149, 1, 1),
(6, 174, 1, 1),
(7, 180, 1, 1),
(8, 182, 1, 1),
(9, 187, 1, 1),
(10, 188, 1, 1),
(11, 189, 1, 1),
(12, 190, 1, 1),
(13, 191, 1, 1),
(14, 192, 1, 1),
(15, 194, 1, 1),
(16, 200, 1, 1),
(17, 196, 1, 3),
(18, 197, 1, 3),
(19, 1, 2, 1),
(20, 2, 2, 1),
(21, 4, 2, 1),
(22, 5, 2, 1),
(23, 6, 2, 1),
(24, 23, 2, 1),
(25, 24, 2, 1),
(26, 30, 2, 1),
(27, 31, 2, 1),
(28, 37, 2, 1),
(29, 38, 2, 1),
(30, 49, 2, 1),
(31, 50, 2, 1),
(32, 57, 2, 1),
(33, 58, 2, 1),
(34, 59, 2, 1),
(35, 60, 2, 1),
(36, 61, 2, 1),
(37, 62, 2, 1),
(38, 63, 2, 1),
(39, 64, 2, 1),
(40, 65, 2, 1),
(41, 66, 2, 1),
(42, 67, 2, 1),
(43, 68, 2, 1),
(44, 69, 2, 1),
(45, 70, 2, 1),
(46, 71, 2, 1),
(47, 72, 2, 1),
(48, 73, 2, 1),
(49, 74, 2, 1),
(50, 75, 2, 1),
(51, 76, 2, 1),
(52, 77, 2, 1),
(53, 78, 2, 1),
(54, 79, 2, 1),
(55, 80, 2, 1),
(56, 81, 2, 1),
(57, 82, 2, 1),
(58, 83, 2, 1),
(59, 84, 2, 1),
(60, 85, 2, 1),
(61, 86, 2, 1),
(62, 87, 2, 1),
(63, 88, 2, 1),
(64, 89, 2, 1),
(65, 90, 2, 1),
(66, 92, 2, 1),
(67, 93, 2, 1),
(68, 94, 2, 1),
(69, 95, 2, 1),
(70, 96, 2, 1),
(71, 97, 2, 1),
(72, 98, 2, 1),
(73, 102, 2, 1),
(74, 107, 2, 1),
(75, 124, 2, 1),
(76, 136, 2, 1),
(77, 150, 2, 1),
(78, 156, 2, 1),
(79, 162, 2, 1),
(80, 165, 3, 1),
(81, 167, 3, 1),
(83, 19, 4, 1),
(84, 126, 4, 1),
(85, 159, 4, 1),
(86, 160, 4, 1),
(87, 161, 4, 1),
(88, 170, 4, 1),
(89, 172, 4, 1),
(90, 201, 4, 1),
(91, 179, 4, 2),
(92, 181, 4, 2),
(93, 139, 5, 1),
(94, 152, 5, 1),
(95, 195, 5, 1),
(96, 196, 5, 1),
(97, 197, 5, 1),
(98, 34, 6, 1),
(99, 35, 6, 1),
(100, 109, 6, 1),
(103, 181, 6, 1),
(104, 182, 6, 2),
(105, 194, 6, 2),
(106, 144, 7, 1),
(107, 146, 7, 1),
(108, 147, 7, 1),
(109, 166, 7, 1),
(110, 171, 7, 1),
(111, 175, 7, 1),
(112, 179, 7, 1),
(113, 158, 7, 2),
(114, 191, 7, 2),
(115, 202, 7, 2),
(116, 157, 7, 3),
(117, 7, 8, 1),
(118, 18, 8, 1),
(119, 103, 8, 1),
(120, 104, 8, 1),
(121, 108, 8, 1),
(122, 117, 8, 1),
(123, 118, 8, 1),
(124, 119, 8, 1),
(125, 121, 8, 1),
(126, 143, 8, 1),
(127, 145, 8, 1),
(128, 157, 8, 1),
(129, 158, 8, 1),
(130, 163, 8, 1),
(131, 164, 8, 1),
(132, 168, 8, 1),
(133, 169, 8, 1),
(134, 184, 8, 1),
(135, 185, 8, 1),
(136, 186, 8, 1),
(137, 193, 8, 1),
(138, 198, 8, 1),
(139, 199, 8, 1),
(140, 202, 8, 1),
(141, 195, 8, 3),
(142, 139, 10, 1),
(143, 142, 10, 1),
(144, 148, 10, 1),
(145, 152, 10, 1),
(146, 153, 10, 1),
(147, 195, 10, 1),
(148, 196, 10, 1),
(149, 197, 10, 1),
(150, 175, 10, 2),
(151, 193, 10, 2),
(152, 174, 11, 1),
(153, 199, 11, 1),
(154, 158, 12, 1),
(155, 157, 12, 2),
(156, 191, 12, 3),
(157, 47, 9, 1),
(158, 177, 9, 1),
(159, 178, 9, 1),
(160, 203, 2, 1),
(161, 204, 9, 1),
(162, 205, 4, 1),
(163, 206, 4, 1),
(164, 207, 4, 1),
(165, 208, 1, 1),
(166, 209, 4, 1),
(167, 210, 2, 1),
(168, 211, 8, 1),
(169, 212, 8, 1),
(170, 211, 5, 1),
(171, 212, 5, 1),
(179, 155, 6, NULL),
(181, 155, 3, NULL);

--
-- Indexes for dumped tables
--

--
-- Indexes for table `citizenships`
--
ALTER TABLE `citizenships`
  ADD PRIMARY KEY (`citizen_id`);

--
-- Indexes for table `core_skills`
--
ALTER TABLE `core_skills`
  ADD PRIMARY KEY (`core_skill_id`);

--
-- Indexes for table `desired_job_specs`
--
ALTER TABLE `desired_job_specs`
  ADD PRIMARY KEY (`des_id`);

--
-- Indexes for table `drivers`
--
ALTER TABLE `drivers`
  ADD PRIMARY KEY (`driving_id`);

--
-- Indexes for table `languages`
--
ALTER TABLE `languages`
  ADD PRIMARY KEY (`language_id`);

--
-- Indexes for table `language_levels`
--
ALTER TABLE `language_levels`
  ADD PRIMARY KEY (`langlevel_id`);

--
-- Indexes for table `persons`
--
ALTER TABLE `persons`
  ADD PRIMARY KEY (`person_id`);

--
-- Indexes for table `properties`
--
ALTER TABLE `properties`
  ADD PRIMARY KEY (`prop_id`);

--
-- Indexes for table `sectors`
--
ALTER TABLE `sectors`
  ADD PRIMARY KEY (`sector_id`);

--
-- Indexes for table `skills`
--
ALTER TABLE `skills`
  ADD PRIMARY KEY (`skill_id`);

--
-- Indexes for table `skills_core_skills_link`
--
ALTER TABLE `skills_core_skills_link`
  ADD PRIMARY KEY (`core_skill_link_id`);

--
-- AUTO_INCREMENT for dumped tables
--

--
-- AUTO_INCREMENT for table `citizenships`
--
ALTER TABLE `citizenships`
  MODIFY `citizen_id` int(11) NOT NULL AUTO_INCREMENT, AUTO_INCREMENT=5;

--
-- AUTO_INCREMENT for table `core_skills`
--
ALTER TABLE `core_skills`
  MODIFY `core_skill_id` int(11) NOT NULL AUTO_INCREMENT, AUTO_INCREMENT=13;

--
-- AUTO_INCREMENT for table `desired_job_specs`
--
ALTER TABLE `desired_job_specs`
  MODIFY `des_id` int(11) NOT NULL AUTO_INCREMENT, AUTO_INCREMENT=15;

--
-- AUTO_INCREMENT for table `drivers`
--
ALTER TABLE `drivers`
  MODIFY `driving_id` int(1) NOT NULL AUTO_INCREMENT, AUTO_INCREMENT=6;

--
-- AUTO_INCREMENT for table `languages`
--
ALTER TABLE `languages`
  MODIFY `language_id` int(11) NOT NULL AUTO_INCREMENT, AUTO_INCREMENT=11;

--
-- AUTO_INCREMENT for table `language_levels`
--
ALTER TABLE `language_levels`
  MODIFY `langlevel_id` int(11) NOT NULL AUTO_INCREMENT, AUTO_INCREMENT=7;

--
-- AUTO_INCREMENT for table `persons`
--
ALTER TABLE `persons`
  MODIFY `person_id` int(11) NOT NULL AUTO_INCREMENT, AUTO_INCREMENT=35;

--
-- AUTO_INCREMENT for table `properties`
--
ALTER TABLE `properties`
  MODIFY `prop_id` int(3) NOT NULL AUTO_INCREMENT, AUTO_INCREMENT=282;

--
-- AUTO_INCREMENT for table `sectors`
--
ALTER TABLE `sectors`
  MODIFY `sector_id` int(11) NOT NULL AUTO_INCREMENT, AUTO_INCREMENT=22;

--
-- AUTO_INCREMENT for table `skills`
--
ALTER TABLE `skills`
  MODIFY `skill_id` int(11) NOT NULL AUTO_INCREMENT, AUTO_INCREMENT=204;

--
-- AUTO_INCREMENT for table `skills_core_skills_link`
--
ALTER TABLE `skills_core_skills_link`
  MODIFY `core_skill_link_id` int(11) NOT NULL AUTO_INCREMENT, AUTO_INCREMENT=186;
COMMIT;

/*!40101 SET CHARACTER_SET_CLIENT=@OLD_CHARACTER_SET_CLIENT */;
/*!40101 SET CHARACTER_SET_RESULTS=@OLD_CHARACTER_SET_RESULTS */;
/*!40101 SET COLLATION_CONNECTION=@OLD_COLLATION_CONNECTION */;
