-- phpMyAdmin SQL Dump
-- version 4.9.1
-- https://www.phpmyadmin.net/
--
-- Host: 127.0.0.1
-- Generation Time: Dec 06, 2019 at 04:13 PM
-- Server version: 10.4.8-MariaDB
-- PHP Version: 7.2.24

SET SQL_MODE = "NO_AUTO_VALUE_ON_ZERO";
SET AUTOCOMMIT = 0;
START TRANSACTION;
SET time_zone = "+00:00";


/*!40101 SET @OLD_CHARACTER_SET_CLIENT=@@CHARACTER_SET_CLIENT */;
/*!40101 SET @OLD_CHARACTER_SET_RESULTS=@@CHARACTER_SET_RESULTS */;
/*!40101 SET @OLD_COLLATION_CONNECTION=@@COLLATION_CONNECTION */;
/*!40101 SET NAMES utf8mb4 */;

--
-- Database: `talentexploit`
--

-- --------------------------------------------------------

--
-- Table structure for table `drivers`
--

CREATE TABLE `drivers` (
  `driving_id` int(1) NOT NULL,
  `drivers_license_type` varchar(4) DEFAULT NULL,
  `code` varchar(2) DEFAULT NULL
) ENGINE=InnoDB DEFAULT CHARSET=utf8;

--
-- Dumping data for table `drivers`
--

INSERT INTO `drivers` (`driving_id`, `drivers_license_type`, `code`) VALUES
(1, 'none', ''),
(2, 'B', ''),
(3, 'C', ''),
(4, 'D', ''),
(5, 'D 95', '95');

-- --------------------------------------------------------

--
-- Table structure for table `persons`
--

CREATE TABLE `persons` (
  `person_id` int(11) NOT NULL,
  `username` varchar(255) DEFAULT NULL,
  `email` varchar(255) DEFAULT NULL,
  `password` varchar(255) DEFAULT NULL,
  `first_name` varchar(255) DEFAULT NULL,
  `middle_name` varchar(255) DEFAULT NULL,
  `last_name` varchar(255) DEFAULT NULL,
  `day_of_birth` int(11) DEFAULT NULL,
  `month_of_birth` int(11) DEFAULT NULL,
  `year_of_birth` int(11) DEFAULT NULL,
  `marital_status` varchar(255) DEFAULT NULL,
  `addr_street_1` varchar(255) DEFAULT NULL,
  `addr_street_2` varchar(255) DEFAULT NULL,
  `addr_city` varchar(255) DEFAULT NULL,
  `addr_zip` varchar(255) DEFAULT NULL,
  `addr_country` varchar(255) DEFAULT NULL,
  `mothers_first_name` varchar(255) DEFAULT NULL,
  `mothers_mid_name` varchar(255) DEFAULT NULL,
  `mothers_last_name` varchar(255) DEFAULT NULL,
  `personal_id_no` varchar(255) DEFAULT NULL,
  `overtime` tinyint(1) DEFAULT NULL,
  `nightshift` tinyint(1) DEFAULT NULL,
  `other_shift` tinyint(1) DEFAULT NULL,
  `job` varchar(255) DEFAULT NULL,
  `is_admin` tinyint(1) NOT NULL DEFAULT 0,
  `created_at` timestamp NOT NULL DEFAULT current_timestamp(),
  `updated_at` timestamp NULL DEFAULT NULL
) ENGINE=InnoDB DEFAULT CHARSET=utf8;

--
-- Dumping data for table `persons`
--

INSERT INTO `persons` (`person_id`, `username`, `email`, `password`, `first_name`, `middle_name`, `last_name`, `day_of_birth`, `month_of_birth`, `year_of_birth`, `marital_status`, `addr_street_1`, `addr_street_2`, `addr_city`, `addr_zip`, `addr_country`, `mothers_first_name`, `mothers_mid_name`, `mothers_last_name`, `personal_id_no`, `overtime`, `nightshift`, `other_shift`, `job`, `is_admin`, `created_at`, `updated_at`) VALUES
(3, 'bela1', 'kovimtibi12@gmail.com', '$2y$10$MS8BaUbVkS86FdG/9ly.NOL9mPhKIimLZRylgLmx8uckWJftS2mEa', 'Tibor', 'Mihaly', 'Kovacs', 9, 12, 1972, 'Single', '12 Fegyvernek utca', '', 'Budapest', '1116', '', 'Anna', '', 'Kupicsek', 'HJ554883', 0, 0, 0, 'teherautosofor', 0, '0000-00-00 00:00:00', '0000-00-00 00:00:00'),
(4, 'bela2', 'Rizincs@gmail.com', '$2y$10$MS8BaUbVkS86FdG/9ly.NOL9mPhKIimLZRylgLmx8uckWJftS2mEa', 'Krisztina', 'Rozina', 'Kovacs', 12, 1, 1979, 'Single', '224 Vaci ut', '', 'Budapest', '1145', '', 'Zsuzsanna ', '', 'Toijas', 'KF774521', 0, 0, 0, 'teherautosofor', 0, '0000-00-00 00:00:00', '0000-00-00 00:00:00'),
(5, 'bela3', 'gazsi@gmail.com', '$2y$10$MS8BaUbVkS86FdG/9ly.NOL9mPhKIimLZRylgLmx8uckWJftS2mEa', 'Roland', '', 'Rohanszki', 1, 1, 2000, 'Married ', '21 Kolompar utca ', '', 'Kolompar utca', '1222', '', 'Rozalia', '', 'Kolompar', 'KF129854', 1, 1, 1, 'cnc maros', 0, '0000-00-00 00:00:00', '0000-00-00 00:00:00'),
(6, 'bela4', 'tekristof@freemail.hu', '$2y$10$MS8BaUbVkS86FdG/9ly.NOL9mPhKIimLZRylgLmx8uckWJftS2mEa', 'Kristof', '', 'Teleki', 6, 3, 1995, 'Married ', '13 Kistarcsai ut ', '', 'Szazhalombatta', '2446', '', 'Irma', '', 'Istenes', 'AN543778', 1, 1, 1, 'epitomunkas', 0, '0000-00-00 00:00:00', '0000-00-00 00:00:00'),
(7, 'bela5', 'kisszsu@gmail.com', '$2y$10$MS8BaUbVkS86FdG/9ly.NOL9mPhKIimLZRylgLmx8uckWJftS2mEa', 'Zsuzsanna', '', 'Kiss ', 12, 12, 1996, 'Married ', '21 Erdodor utca', '', 'Budapest', '1212', '', 'Ibolya', '', 'Nagy', 'YT746632', 0, 0, 0, 'mernok', 0, '0000-00-00 00:00:00', '0000-00-00 00:00:00'),
(8, 'bela6', 'Tomica@freemail.hu', '$2y$10$MS8BaUbVkS86FdG/9ly.NOL9mPhKIimLZRylgLmx8uckWJftS2mEa', 'Tamas', 'Istvan', 'Jolan', 1, 11, 1996, 'Single', '312 Bihari ut', '', 'Abda', '9151', '', 'Irma', '', 'Korsos', 'II124668', 1, 1, 1, 'mernok', 0, '0000-00-00 00:00:00', '0000-00-00 00:00:00'),
(9, 'bela7', 'beatadukz@freemail.hu', '$2y$10$MS8BaUbVkS86FdG/9ly.NOL9mPhKIimLZRylgLmx8uckWJftS2mEa', 'Beata', '', 'Dukz', 9, 9, 1976, 'Married ', '112 Kossuth L u', '', 'Budapest', '1212', '', 'Ilona', '', 'Koos', 'AN344710', 0, 0, 0, 'HR manager', 0, '0000-00-00 00:00:00', '0000-00-00 00:00:00'),
(10, 'bela8', 'gyszkri@gmail.com', '$2y$10$MS8BaUbVkS86FdG/9ly.NOL9mPhKIimLZRylgLmx8uckWJftS2mEa', 'Gyula', 'Karoly', 'Krisztof', 19, 9, 1968, 'Single', '1 Kiss J Alt u', '', 'Budapest', '1221', '', 'Gyongyi', '', 'Pecsi', 'EG521354', 1, 1, 1, 'szoftverfejleszto', 0, '0000-00-00 00:00:00', '0000-00-00 00:00:00'),
(11, 'bela9', 'petpet@freemail.hu', '$2y$10$MS8BaUbVkS86FdG/9ly.NOL9mPhKIimLZRylgLmx8uckWJftS2mEa', 'Petra', 'Zsuzsa', 'Peter', 30, 4, 1999, 'Single', '51 Budafoki ut', '', 'Budapest', '1119', '', 'Katalin', '', 'Kiss', 'ES545678', 0, 0, 0, 'viz, gaz, futesszerelo', 0, '0000-00-00 00:00:00', '0000-00-00 00:00:00'),
(12, 'bela10', 'kschinke@yahoo.com', '$2y$10$MS8BaUbVkS86FdG/9ly.NOL9mPhKIimLZRylgLmx8uckWJftS2mEa', 'Klaus', '', 'Schinke', 30, 9, 1980, 'Single', '', '', '', '', '', 'Maria', '', 'Schinke', 'UD54455', 0, 0, 0, 'MI6 project manager', 0, '0000-00-00 00:00:00', '0000-00-00 00:00:00'),
(13, 'bela11', 'HHoop@gmail.com', '$2y$10$MS8BaUbVkS86FdG/9ly.NOL9mPhKIimLZRylgLmx8uckWJftS2mEa', 'Holly', '', 'Hoop', 22, 8, 1996, 'Single', '', '', '', '', '', 'Daniele', '', 'Steele', 'TR543289', 0, 0, 0, 'office coordinator', 0, '0000-00-00 00:00:00', '0000-00-00 00:00:00'),
(14, 'bela12', 'BasiaRita@hotmail.com', '$2y$10$MS8BaUbVkS86FdG/9ly.NOL9mPhKIimLZRylgLmx8uckWJftS2mEa', 'Rita', '', 'Baskeva', 18, 7, 2000, 'Married ', '', '', '', '', '', 'Zeska', '', 'Mikaeleva', 'OS265512', 1, 1, 1, 'housekeeper', 0, '0000-00-00 00:00:00', '0000-00-00 00:00:00'),
(15, 'bela13', 'WinEug@hotmail.com', '$2y$10$MS8BaUbVkS86FdG/9ly.NOL9mPhKIimLZRylgLmx8uckWJftS2mEa', 'Eugene', '', 'Winford', 29, 10, 1969, 'Single', '', '', '', '', '', 'Maria', '', 'Tereskova', 'RE557998', 1, 1, 1, 'traffic controller', 0, '0000-00-00 00:00:00', '0000-00-00 00:00:00'),
(16, 'bela14', 'BinJuli@gmail.com', '$2y$10$MS8BaUbVkS86FdG/9ly.NOL9mPhKIimLZRylgLmx8uckWJftS2mEa', 'Juliette', '', 'Binoche', 6, 3, 1970, 'Married ', '', '', '', '', '', 'Francois', '', 'Terka', 'TR782122', 0, 0, 0, 'Delivery coordinator', 0, '0000-00-00 00:00:00', '0000-00-00 00:00:00'),
(17, 'bela15', 'tanderew11@gmail.com', '$2y$10$MS8BaUbVkS86FdG/9ly.NOL9mPhKIimLZRylgLmx8uckWJftS2mEa', 'Andrew', '', 'Tomas', 5, 5, 1998, 'Single', '', '', '', '', '', 'Karen', '', 'Atkinson', 'WS523154', 0, 0, 0, 'Diary Coordinator', 0, '0000-00-00 00:00:00', '0000-00-00 00:00:00'),
(18, 'bela16', 'idmjozi@yahoo.com', '$2y$10$MS8BaUbVkS86FdG/9ly.NOL9mPhKIimLZRylgLmx8uckWJftS2mEa', 'Jozefa', '', 'Idem', 1, 11, 1967, 'Married ', '', '', '', '', '', 'Irma', '', 'Ilsson', 'DS721546', 0, 0, 0, 'assistant marketing planner', 0, '0000-00-00 00:00:00', '0000-00-00 00:00:00'),
(19, 'bela17', 'hszuszi@hotmail.com', '$2y$10$MS8BaUbVkS86FdG/9ly.NOL9mPhKIimLZRylgLmx8uckWJftS2mEa', 'Zsuzsanna', '', 'Horvath', 9, 8, 1976, 'Single', '', '', '', '', '', 'Ilona', '', 'Kocsis', 'PE842318', 0, 0, 0, 'office coordinator', 0, '0000-00-00 00:00:00', '0000-00-00 00:00:00'),
(20, 'bela18', 'pcarr11@hotmail.com', '$2y$10$MS8BaUbVkS86FdG/9ly.NOL9mPhKIimLZRylgLmx8uckWJftS2mEa', 'Paul', '', 'Carrack', 2, 12, 1994, 'Married ', '', '', '', '', '', 'Mary', '', 'Carrack', 'TH542124', 0, 0, 0, 'painter', 0, '0000-00-00 00:00:00', '0000-00-00 00:00:00'),
(21, 'bela19', 'mccmike@hotmail.com', '$2y$10$MS8BaUbVkS86FdG/9ly.NOL9mPhKIimLZRylgLmx8uckWJftS2mEa', 'Mike', '', 'McCorcik', 13, 10, 1999, 'Single', '', '', '', '', '', 'Sara ', '', 'McCormick', 'QW513545', 0, 0, 0, 'painter', 0, '0000-00-00 00:00:00', '0000-00-00 00:00:00'),
(22, 'greagory', 'greg@gmail.eu', '$2y$11$/WpmPdjMoiS/svp4LbfNVO75AdyXK8D7zvY2ARRk1CVbi7b2fLq6q', NULL, NULL, NULL, NULL, NULL, NULL, NULL, NULL, NULL, NULL, NULL, NULL, NULL, NULL, NULL, NULL, NULL, NULL, NULL, NULL, 0, '2019-11-15 12:03:06', NULL),
(23, 'gregory', 'fjhsdkljh@kdjskj.hu', '$2y$11$bCsg4xJItGkgphqzI9ZFcucmzQVgKuhrQmS5njrBXsMhW4F1cTmCi', NULL, NULL, NULL, NULL, NULL, NULL, NULL, NULL, NULL, NULL, NULL, NULL, NULL, NULL, NULL, NULL, NULL, NULL, NULL, NULL, 0, '2019-11-15 12:08:52', NULL),
(24, 'Jani a hegyrol', NULL, '$2y$11$PMd8scZoKhhX0bzMOIrqze0pIWO4K/I3AGYIROgR91K7JEz0vIahW', NULL, NULL, NULL, NULL, NULL, NULL, NULL, NULL, NULL, NULL, NULL, NULL, NULL, NULL, NULL, NULL, NULL, NULL, NULL, NULL, 0, '2019-11-16 10:41:00', NULL),
(25, 'Hey ho, here we go', NULL, '$2y$11$49ucmInbk4jn3mWtZOCvUuwV.wFU6rYQj0Sug0gbm8zA2pJ9S.4Ai', NULL, NULL, NULL, NULL, NULL, NULL, NULL, NULL, NULL, NULL, NULL, NULL, NULL, NULL, NULL, NULL, NULL, NULL, NULL, NULL, 0, '2019-11-16 10:49:17', NULL),
(26, 'Whomai', NULL, '$2y$11$syqst1AK6dXU7ucUGAkH8eip4.zfY0rtXI1ANHnOzJ6oBB/AnF8X2', NULL, NULL, NULL, NULL, NULL, NULL, NULL, NULL, NULL, NULL, NULL, NULL, NULL, NULL, NULL, NULL, NULL, NULL, NULL, NULL, 0, '2019-11-16 10:51:09', NULL),
(27, 'Whoami', NULL, '$2y$11$2CZ8mprAd0VTTyvfBfGJGO43BhOoupGteByWr1PnB.MudkHMt3Mse', NULL, NULL, NULL, NULL, NULL, NULL, NULL, NULL, NULL, NULL, NULL, NULL, NULL, NULL, NULL, NULL, NULL, NULL, NULL, NULL, 0, '2019-11-16 18:16:29', NULL),
(28, 'Whoami2', NULL, '25f9e794323b453885f5181f1b624d0b', NULL, NULL, NULL, NULL, NULL, NULL, NULL, NULL, NULL, NULL, NULL, NULL, NULL, NULL, NULL, NULL, NULL, NULL, NULL, NULL, 0, '2019-11-16 18:26:01', NULL),
(34, 'bela124', NULL, '$2y$11$p.DATeV28UZDwB5tT2KEsejJ01M6EiQEbYzG462HJnHsTDnAi0KFa', NULL, NULL, NULL, NULL, NULL, NULL, NULL, NULL, NULL, NULL, NULL, NULL, NULL, NULL, NULL, NULL, NULL, NULL, NULL, NULL, 0, '2019-12-01 18:35:03', NULL);



--
-- Table structure for table `properties`
--

CREATE TABLE `properties` (
  `properties_id` int(3) NOT NULL,
  `person_id` int(11) DEFAULT NULL,
  `prop_link_id` int(11) DEFAULT NULL,
  `prop_link_type` varchar(50) DEFAULT NULL,
  `driving_years` int(11) DEFAULT NULL,
  `langlevel_id` int(11) DEFAULT NULL,
  `sector_years` int(11) NOT NULL
) ENGINE=InnoDB DEFAULT CHARSET=utf8;

--
-- Dumping data for table `properties`
--

INSERT INTO `properties` (`properties_id`, `person_id`, `prop_link_id`, `prop_link_type`, `driving_years`, `langlevel_id`, `sector_years`) VALUES
(1, 21, 1, 'citizen', 0, 0, 0),
(2, 21, 4, 'language', 1, 2, 0),
(3, 21, 5, 'driving', 5, 0, 0),
(4, 21, 2, 'driving', 10, 0, 0),
(11, 22, 1, 'citizen', 0, 0, 0),
(12, 22, 4, 'language', 0, 2, 0),
(13, 22, 1, 'language', 0, 1, 0),
(14, 22, 5, 'driving', 10, 0, 0),
(15, 22, 2, 'driving', 1, 0, 0),
(17, 3, 1, 'citizen', 0, 0, 0),
(19, 3, 11, 'sector', 0, 0, 0),
(20, 3, 10, 'sector', 0, 0, 0),
(21, 3, 4, 'language', 0, 2, 0),
(22, 3, 2, 'language', 0, 6, 0),
(23, 3, 2, 'language', 0, 6, 0),
(24, 3, 1, 'language', 0, 4, 0),
(25, 3, 2, 'driving', 2, 0, 0),
(26, 3, 5, 'driving', 5, 0, 0),
(29, 3, 1, 'skill', 0, 0, 0),
(30, 3, 2, 'skill', 0, 0, 0),
(31, 3, 21, 'skill', 0, 0, 0),
(32, 3, 23, 'skill', 0, 0, 0),
(33, 3, 24, 'skill', 0, 0, 0),
(34, 3, 132, 'skill', 0, 0, 0),
(35, 3, 138, 'skill', 0, 0, 0),
(36, 3, 157, 'skill', 0, 0, 0),
(37, 3, 158, 'skill', 0, 0, 0),
(38, 4, 1, 'citizen', 0, 0, 0),
(39, 4, 11, 'sector', 0, 0, 0),
(40, 4, 1, 'construction', 0, 0, 0),
(41, 4, 2, 'construction', 0, 0, 0),
(42, 4, 3, 'construction', 0, 0, 0),
(43, 5, 1, 'citizen', 0, 0, 0),
(44, 5, 1, 'sector', 0, 0, 0),
(45, 5, 3, 'sector', 0, 0, 0),
(46, 5, 4, 'language', 0, 6, 0),
(47, 5, 1, 'language', 0, 6, 0),
(48, 5, 64, 'skill', 0, 0, 0),
(49, 5, 65, 'skill', 0, 0, 0),
(50, 5, 66, 'skill', 0, 0, 0),
(51, 5, 67, 'skill', 0, 0, 0),
(52, 5, 68, 'skill', 0, 0, 0),
(53, 5, 69, 'skill', 0, 0, 0),
(54, 5, 70, 'skill', 0, 0, 0),
(55, 5, 71, 'skill', 0, 0, 0),
(56, 5, 72, 'skill', 0, 0, 0),
(57, 5, 73, 'skill', 0, 0, 0),
(58, 5, 74, 'skill', 0, 0, 0),
(59, 5, 75, 'skill', 0, 0, 0),
(60, 6, 1, 'citizen', 0, 0, 0),
(64, 6, 1, 'sector', 0, 0, 0),
(65, 6, 7, 'sector', 0, 0, 0),
(66, 6, 5, 'sector', 0, 0, 0),
(67, 6, 6, 'sector', 0, 0, 0),
(68, 6, 4, 'sector', 0, 0, 0),
(69, 6, 1, 'language', 0, 3, 0),
(73, 7, 1, 'citizen', 0, 0, 0),
(77, 7, 9, 'sector', 0, 0, 0),
(78, 7, 9, 'language', 0, 6, 0),
(79, 7, 1, 'language', 0, 6, 0),
(80, 7, 2, 'driving', 2, 0, 0),
(84, 7, 76, 'skill', 0, 0, 0),
(85, 7, 77, 'skill', 0, 0, 0),
(86, 7, 78, 'skill', 0, 0, 0),
(87, 8, 1, 'citizen', 0, 0, 0),
(90, 8, 8, 'sector', 0, 0, 0),
(91, 8, 1, 'language', 0, 4, 0),
(92, 8, 6, 'skill', 0, 0, 0),
(93, 8, 7, 'skill', 0, 0, 0),
(94, 8, 79, 'skill', 0, 0, 0),
(95, 8, 80, 'skill', 0, 0, 0),
(96, 8, 81, 'skill', 0, 0, 0),
(97, 8, 82, 'skill', 0, 0, 0),
(98, 8, 83, 'skill', 0, 0, 0),
(99, 8, 153, 'skill', 0, 0, 0),
(100, 8, 154, 'skill', 0, 0, 0),
(101, 8, 155, 'skill', 0, 0, 0),
(102, 8, 156, 'skill', 0, 0, 0),
(103, 9, 1, 'citizen', 0, 0, 0),
(105, 9, 11, 'sector', 0, 0, 0),
(106, 9, 12, 'sector', 0, 0, 0),
(107, 9, 4, 'construction', 0, 0, 0),
(108, 9, 5, 'construction', 0, 0, 0),
(109, 9, 6, 'construction', 0, 0, 0),
(110, 9, 2, 'language', 0, 6, 0),
(112, 9, 23, 'skill', 0, 0, 0),
(113, 9, 27, 'skill', 0, 0, 0),
(114, 9, 153, 'skill', 0, 0, 0),
(115, 9, 156, 'skill', 0, 0, 0),
(116, 9, 159, 'skill', 0, 0, 0),
(117, 10, 2, 'citizen', 0, 0, 0),
(119, 10, 13, 'sector', 0, 0, 0),
(120, 10, 1, 'language', 0, 6, 0),
(121, 10, 4, 'language', 0, 6, 0),
(124, 10, 18, 'skill', 0, 0, 0),
(125, 10, 30, 'skill', 0, 0, 0),
(126, 10, 31, 'skill', 0, 0, 0),
(127, 10, 160, 'skill', 0, 0, 0),
(128, 10, 161, 'skill', 0, 0, 0),
(129, 11, 1, 'citizen', 0, 0, 0),
(131, 11, 15, 'sector', 0, 0, 0),
(132, 11, 1, 'language', 0, 6, 0),
(134, 11, 18, 'skill', 0, 0, 0),
(135, 11, 34, 'skill', 0, 0, 0),
(136, 11, 35, 'skill', 0, 0, 0),
(137, 11, 162, 'skill', 0, 0, 0),
(138, 12, 3, 'citizen', 0, 0, 0),
(141, 12, 14, 'sector', 0, 0, 0),
(142, 12, 1, 'language', 0, 2, 0),
(144, 12, 19, 'skill', 0, 0, 0),
(145, 12, 156, 'skill', 0, 0, 0),
(146, 12, 161, 'skill', 0, 0, 0),
(147, 12, 163, 'skill', 0, 0, 0),
(148, 13, 2, 'citizen', 0, 0, 0),
(150, 13, 16, 'sector', 0, 0, 0),
(151, 13, 1, 'language', 0, 6, 0),
(152, 13, 2, 'driving', 5, 0, 0),
(154, 13, 47, 'skill', 0, 0, 0),
(155, 13, 48, 'skill', 0, 0, 0),
(156, 13, 49, 'skill', 0, 0, 0),
(157, 13, 50, 'skill', 0, 0, 0),
(158, 13, 53, 'skill', 0, 0, 0),
(159, 13, 84, 'skill', 0, 0, 0),
(160, 13, 163, 'skill', 0, 0, 0),
(161, 13, 164, 'skill', 0, 0, 0),
(162, 13, 165, 'skill', 0, 0, 0),
(163, 13, 166, 'skill', 0, 0, 0),
(164, 14, 4, 'citizen', 0, 0, 0),
(166, 14, 1, 'language', 0, 4, 0),
(167, 14, 3, 'language', 0, 6, 0),
(169, 14, 31, 'skill', 0, 0, 0),
(170, 14, 167, 'skill', 0, 0, 0),
(171, 15, 2, 'citizen', 0, 0, 0),
(173, 15, 18, 'sector', 0, 0, 0),
(174, 15, 1, 'language', 0, 6, 0),
(176, 15, 91, 'skill', 0, 0, 0),
(177, 15, 92, 'skill', 0, 0, 0),
(178, 15, 101, 'skill', 0, 0, 0),
(179, 15, 103, 'skill', 0, 0, 0),
(180, 15, 104, 'skill', 0, 0, 0),
(181, 15, 107, 'skill', 0, 0, 0),
(182, 15, 108, 'skill', 0, 0, 0),
(183, 15, 109, 'skill', 0, 0, 0),
(184, 15, 156, 'skill', 0, 0, 0),
(185, 15, 168, 'skill', 0, 0, 0),
(186, 15, 169, 'skill', 0, 0, 0),
(187, 16, 2, 'citizen', 0, 0, 0),
(189, 16, 19, 'sector', 0, 0, 0),
(190, 16, 1, 'language', 0, 6, 0),
(192, 16, 117, 'skill', 0, 0, 0),
(193, 16, 118, 'skill', 0, 0, 0),
(194, 16, 119, 'skill', 0, 0, 0),
(195, 16, 121, 'skill', 0, 0, 0),
(196, 16, 153, 'skill', 0, 0, 0),
(197, 16, 156, 'skill', 0, 0, 0),
(198, 16, 158, 'skill', 0, 0, 0),
(199, 16, 166, 'skill', 0, 0, 0),
(200, 16, 168, 'skill', 0, 0, 0),
(201, 16, 169, 'skill', 0, 0, 0),
(202, 16, 172, 'skill', 0, 0, 0),
(203, 17, 2, 'citizen', 0, 0, 0),
(205, 17, 19, 'sector', 0, 0, 0),
(206, 17, 1, 'language', 0, 6, 0),
(208, 17, 37, 'skill', 0, 0, 0),
(209, 17, 76, 'skill', 0, 0, 0),
(210, 17, 104, 'skill', 0, 0, 0),
(211, 17, 121, 'skill', 0, 0, 0),
(212, 17, 158, 'skill', 0, 0, 0),
(213, 17, 159, 'skill', 0, 0, 0),
(214, 17, 168, 'skill', 0, 0, 0),
(215, 17, 169, 'skill', 0, 0, 0),
(216, 17, 170, 'skill', 0, 0, 0),
(217, 17, 172, 'skill', 0, 0, 0),
(218, 18, 2, 'citizen', 0, 0, 0),
(220, 18, 11, 'sector', 0, 0, 0),
(221, 18, 7, 'construction', 0, 0, 0),
(222, 18, 1, 'language', 0, 6, 0),
(223, 18, 2, 'driving', 15, 0, 0),
(225, 18, 124, 'skill', 0, 0, 0),
(226, 18, 126, 'skill', 0, 0, 0),
(227, 18, 159, 'skill', 0, 0, 0),
(228, 18, 170, 'skill', 0, 0, 0),
(229, 18, 171, 'skill', 0, 0, 0),
(230, 18, 173, 'skill', 0, 0, 0),
(231, 19, 2, 'citizen', 0, 0, 0),
(233, 19, 11, 'sector', 0, 0, 0),
(234, 19, 7, 'construction', 0, 0, 0),
(235, 19, 2, 'driving', 24, 0, 0),
(237, 19, 124, 'skill', 0, 0, 0),
(238, 19, 128, 'skill', 0, 0, 0),
(239, 19, 129, 'skill', 0, 0, 0),
(240, 19, 130, 'skill', 0, 0, 0),
(241, 19, 131, 'skill', 0, 0, 0),
(242, 20, 4, 'citizen', 0, 0, 0),
(243, 20, 20, 'sector', 0, 0, 0),
(244, 20, 1, 'language', 0, 6, 0),
(246, 20, 7, 'skill', 0, 0, 0),
(247, 20, 14, 'skill', 0, 0, 0),
(248, 20, 15, 'skill', 0, 0, 0),
(249, 20, 31, 'skill', 0, 0, 0),
(250, 20, 90, 'skill', 0, 0, 0),
(251, 20, 104, 'skill', 0, 0, 0),
(252, 20, 118, 'skill', 0, 0, 0),
(253, 20, 139, 'skill', 0, 0, 0),
(254, 20, 140, 'skill', 0, 0, 0),
(255, 20, 141, 'skill', 0, 0, 0),
(256, 20, 142, 'skill', 0, 0, 0),
(257, 20, 143, 'skill', 0, 0, 0),
(258, 20, 144, 'skill', 0, 0, 0),
(259, 20, 145, 'skill', 0, 0, 0),
(260, 20, 151, 'skill', 0, 0, 0),
(261, 20, 154, 'skill', 0, 0, 0),
(262, 20, 158, 'skill', 0, 0, 0),
(263, 20, 160, 'skill', 0, 0, 0),
(264, 20, 168, 'skill', 0, 0, 0),
(265, 20, 180, 'skill', 0, 0, 0),
(266, 20, 184, 'skill', 0, 0, 0),
(267, 20, 185, 'skill', 0, 0, 0),
(268, 20, 187, 'skill', 0, 0, 0),
(269, 20, 188, 'skill', 0, 0, 0),
(270, 20, 191, 'skill', 0, 0, 0),
(271, 20, 193, 'skill', 0, 0, 0),
(272, 20, 194, 'skill', 0, 0, 0),
(273, 20, 195, 'skill', 0, 0, 0),
(274, 20, 196, 'skill', 0, 0, 0),
(275, 20, 197, 'skill', 0, 0, 0),
(276, 20, 198, 'skill', 0, 0, 0),
(277, 20, 199, 'skill', 0, 0, 0),
(278, 20, 200, 'skill', 0, 0, 0),
(279, 20, 201, 'skill', 0, 0, 0),
(280, 20, 202, 'skill', 0, 0, 0);

--
-- Indexes for dumped tables
--

--
-- Indexes for table `drivers`
--
ALTER TABLE `drivers`
  ADD PRIMARY KEY (`driving_id`);

--
-- Indexes for table `persons`
--
ALTER TABLE `persons`
  ADD PRIMARY KEY (`person_id`);


--
-- Indexes for table `properties`
--
ALTER TABLE `properties`
  ADD PRIMARY KEY (`properties_id`);

--
-- AUTO_INCREMENT for dumped tables
--

--
-- AUTO_INCREMENT for table `drivers`
--
ALTER TABLE `drivers`
  MODIFY `driving_id` int(1) NOT NULL AUTO_INCREMENT, AUTO_INCREMENT=6;

--
-- AUTO_INCREMENT for table `persons`
--
ALTER TABLE `persons`
  MODIFY `person_id` int(11) NOT NULL AUTO_INCREMENT, AUTO_INCREMENT=35;

--
-- AUTO_INCREMENT for table `properties`
--
ALTER TABLE `properties`
  MODIFY `properties_id` int(3) NOT NULL AUTO_INCREMENT, AUTO_INCREMENT=281;
COMMIT;

/*!40101 SET CHARACTER_SET_CLIENT=@OLD_CHARACTER_SET_CLIENT */;
/*!40101 SET CHARACTER_SET_RESULTS=@OLD_CHARACTER_SET_RESULTS */;
/*!40101 SET COLLATION_CONNECTION=@OLD_COLLATION_CONNECTION */;
